,Date,DAY,MFI Daily Distribution,"Marketing, Bounty, Treasury",Team Token,Total Circulation
0,2021-03-04,1,4000.0,0,0,5004000.0
1,2021-03-05,2,3996.0,0,0,5007996.0
2,2021-03-06,3,3992.0040000000004,0,0,5011988.004
3,2021-03-07,4,3988.011996,0,0,5015976.015996
4,2021-03-08,5,3984.0239840000004,0,0,5019960.03998
5,2021-03-09,6,3980.03996,0,0,5023940.07994
6,2021-03-10,7,3976.05992,0,0,5027916.1398599995
7,2021-03-11,8,3972.08386,0,0,5031888.223719999
8,2021-03-12,9,3968.1117759999997,0,0,5035856.335495999
9,2021-03-13,10,3964.143665,0,0,5039820.479160999
10,2021-03-14,11,3960.179521,0,0,5043780.658681999
11,2021-03-15,12,3956.2193409999995,0,0,5047736.878022999
12,2021-03-16,13,3952.263122,0,0,5051689.141144998
13,2021-03-17,14,3948.310859,0,0,5055637.452003999
14,2021-03-18,15,3944.3625479999996,0,0,5059581.814551999
15,2021-03-19,16,3940.418185,0,0,5063522.232736999
16,2021-03-20,17,3936.4777670000003,0,0,5067458.710503999
17,2021-03-21,18,3932.5412890000002,0,0,5071391.251792999
18,2021-03-22,19,3928.6087479999997,0,0,5075319.860540999
19,2021-03-23,20,3924.680139,0,0,5079244.540679999
20,2021-03-24,21,3920.7554590000004,0,0,5083165.296138999
21,2021-03-25,22,3916.834704,0,0,5087082.130842999
22,2021-03-26,23,3912.917869,0,0,5090995.048711998
23,2021-03-27,24,3909.004951,0,0,5094904.053662999
24,2021-03-28,25,3905.095946,0,0,5098809.149608999
25,2021-03-29,26,3901.19085,0,0,5102710.340458998
26,2021-03-30,27,3897.2896600000004,0,0,5106607.630118999
27,2021-03-31,28,3893.3923700000005,0,0,5110501.022488998
28,2021-04-01,29,3889.498978,0,0,5114390.521466998
29,2021-04-02,30,3885.6094789999997,0,0,5118276.130945998
30,2021-04-03,31,3881.723869,0,0,5122157.854814998
31,2021-04-04,32,3877.842145,200000,0,5326035.6969599975
32,2021-04-05,33,3873.964303,0,0,5329909.661262997
33,2021-04-06,34,3870.090339,0,0,5333779.751601998
34,2021-04-07,35,3866.2202479999996,0,0,5337645.9718499975
35,2021-04-08,36,3862.354028,0,0,5341508.325877997
36,2021-04-09,37,3858.4916740000003,0,0,5345366.8175519975
37,2021-04-10,38,3854.633182,0,0,5349221.450733998
38,2021-04-11,39,3850.778549,0,0,5353072.229282998
39,2021-04-12,40,3846.927771,0,0,5356919.157053998
40,2021-04-13,41,3843.080843,0,0,5360762.2378969975
41,2021-04-14,42,3839.2377619999997,0,0,5364601.475658998
42,2021-04-15,43,3835.398524,0,0,5368436.874182998
43,2021-04-16,44,3831.563126,0,0,5372268.437308998
44,2021-04-17,45,3827.7315630000003,0,0,5376096.168871998
45,2021-04-18,46,3823.903831,0,0,5379920.072702998
46,2021-04-19,47,3820.079927,0,0,5383740.1526299985
47,2021-04-20,48,3816.259847,0,0,5387556.412476999
48,2021-04-21,49,3812.443588,0,0,5391368.856064999
49,2021-04-22,50,3808.631144,0,0,5395177.487208999
50,2021-04-23,51,3804.822513,0,0,5398982.309721999
51,2021-04-24,52,3801.0176899999997,0,0,5402783.327411999
52,2021-04-25,53,3797.2166729999994,0,0,5406580.544084999
53,2021-04-26,54,3793.419456,0,0,5410373.963540999
54,2021-04-27,55,3789.626036,0,0,5414163.589577
55,2021-04-28,56,3785.8364100000003,0,0,5417949.425987
56,2021-04-29,57,3782.0505740000003,0,0,5421731.476561
57,2021-04-30,58,3778.2685229999997,0,0,5425509.745084
58,2021-05-01,59,3774.4902549999997,0,0,5429284.235339
59,2021-05-02,60,3770.715765,0,0,5433054.951104
60,2021-05-03,61,3766.9450490000004,0,0,5436821.896153
61,2021-05-04,62,3763.178104,0,187500,5628085.074257
62,2021-05-05,63,3759.414926,0,0,5631844.489183
63,2021-05-06,64,3755.655511,0,0,5635600.1446940005
64,2021-05-07,65,3751.8998549999997,0,0,5639352.044549
65,2021-05-08,66,3748.147955,0,0,5643100.192504001
66,2021-05-09,67,3744.3998070000002,0,0,5646844.592311
67,2021-05-10,68,3740.6554079999996,0,0,5650585.247719
68,2021-05-11,69,3736.914752,0,0,5654322.162471
69,2021-05-12,70,3733.177838,0,0,5658055.340309
70,2021-05-13,71,3729.44466,0,0,5661784.784968999
71,2021-05-14,72,3725.7152149999997,0,0,5665510.500184
72,2021-05-15,73,3721.9895,0,0,5669232.489684
73,2021-05-16,74,3718.26751,0,0,5672950.757193999
74,2021-05-17,75,3714.549243,0,0,5676665.306437
75,2021-05-18,76,3710.8346939999997,0,0,5680376.141131
76,2021-05-19,77,3707.1238590000003,0,0,5684083.26499
77,2021-05-20,78,3703.4167350000002,0,0,5687786.681725
78,2021-05-21,79,3699.713318,0,0,5691486.395043
79,2021-05-22,80,3696.0136049999996,0,0,5695182.408648
80,2021-05-23,81,3692.3175909999995,0,0,5698874.726239
81,2021-05-24,82,3688.625274,0,0,5702563.351513
82,2021-05-25,83,3684.936648,0,0,5706248.288161
83,2021-05-26,84,3681.2517119999998,0,0,5709929.539873
84,2021-05-27,85,3677.5704600000004,0,0,5713607.110333
85,2021-05-28,86,3673.8928899999996,0,0,5717281.003223
86,2021-05-29,87,3670.218997,0,0,5720951.22222
87,2021-05-30,88,3666.5487780000003,0,0,5724617.770998
88,2021-05-31,89,3662.882229,0,0,5728280.6532270005
89,2021-06-01,90,3659.2193469999997,0,0,5731939.872574001
90,2021-06-02,91,3655.560127,0,0,5735595.432701001
91,2021-06-03,92,3651.904567,100000,0,5839247.337268001
92,2021-06-04,93,3648.252663,0,0,5842895.589931001
93,2021-06-05,94,3644.6044100000004,0,0,5846540.194341001
94,2021-06-06,95,3640.9598060000003,0,0,5850181.154147001
95,2021-06-07,96,3637.318846,0,0,5853818.472993001
96,2021-06-08,97,3633.681527,0,0,5857452.154520001
97,2021-06-09,98,3630.0478450000005,0,0,5861082.202365002
98,2021-06-10,99,3626.4177979999995,0,0,5864708.620163002
99,2021-06-11,100,3622.7913799999997,0,0,5868331.411543002
100,2021-06-12,101,3619.1685880000005,0,0,5871950.580131003
101,2021-06-13,102,3615.5494200000003,0,0,5875566.129551003
102,2021-06-14,103,3611.9338700000003,0,0,5879178.063421003
103,2021-06-15,104,3608.3219369999997,0,0,5882786.385358003
104,2021-06-16,105,3604.7136149999997,0,0,5886391.098973003
105,2021-06-17,106,3601.1089009999996,0,0,5889992.207874003
106,2021-06-18,107,3597.5077920000003,0,0,5893589.715666003
107,2021-06-19,108,3593.9102840000005,0,0,5897183.625950003
108,2021-06-20,109,3590.316374,0,0,5900773.942324003
109,2021-06-21,110,3586.7260579999997,0,0,5904360.668382003
110,2021-06-22,111,3583.139332,0,0,5907943.807714003
111,2021-06-23,112,3579.556192,0,0,5911523.363906004
112,2021-06-24,113,3575.976636,0,0,5915099.3405420035
113,2021-06-25,114,3572.4006590000004,0,0,5918671.741201003
114,2021-06-26,115,3568.8282590000003,0,0,5922240.569460003
115,2021-06-27,116,3565.2594310000004,0,0,5925805.828891003
116,2021-06-28,117,3561.694171,0,0,5929367.523062003
117,2021-06-29,118,3558.132477,0,0,5932925.655539003
118,2021-06-30,119,3554.5743439999997,0,0,5936480.229883003
119,2021-07-01,120,3551.0197700000003,0,0,5940031.249653003
120,2021-07-02,121,3547.46875,0,0,5943578.718403003
121,2021-07-03,122,3543.9212820000002,0,0,5947122.639685003
122,2021-07-04,123,3540.37736,0,0,5950663.017045003
123,2021-07-05,124,3536.8369829999997,0,0,5954199.854028003
124,2021-07-06,125,3533.300146,0,0,5957733.154174004
125,2021-07-07,126,3529.766846,0,0,5961262.921020004
126,2021-07-08,127,3526.237079,0,0,5964789.158099004
127,2021-07-09,128,3522.710842,0,0,5968311.868941004
128,2021-07-10,129,3519.1881310000003,0,0,5971831.057072004
129,2021-07-11,130,3515.668943,0,0,5975346.726015004
130,2021-07-12,131,3512.1532740000002,0,0,5978858.879289004
131,2021-07-13,132,3508.641121,0,0,5982367.520410004
132,2021-07-14,133,3505.1324799999998,0,0,5985872.652890004
133,2021-07-15,134,3501.627347,0,0,5989374.280237004
134,2021-07-16,135,3498.1257200000005,0,0,5992872.405957004
135,2021-07-17,136,3494.6275939999996,0,0,5996367.033551004
136,2021-07-18,137,3491.1329659999997,0,0,5999858.166517003
137,2021-07-19,138,3487.6418329999997,0,0,6003345.808350003
138,2021-07-20,139,3484.154192,0,0,6006829.962542003
139,2021-07-21,140,3480.670037,0,0,6010310.632579003
140,2021-07-22,141,3477.1893670000004,0,0,6013787.8219460035
141,2021-07-23,142,3473.712178,0,0,6017261.534124004
142,2021-07-24,143,3470.238466,0,0,6020731.772590004
143,2021-07-25,144,3466.7682270000005,0,0,6024198.540817004
144,2021-07-26,145,3463.3014590000002,0,0,6027661.842276004
145,2021-07-27,146,3459.838158,0,0,6031121.680434004
146,2021-07-28,147,3456.3783200000003,0,0,6034578.058754005
147,2021-07-29,148,3452.9219409999996,0,0,6038030.980695005
148,2021-07-30,149,3449.4690189999997,0,0,6041480.449714005
149,2021-07-31,150,3446.01955,0,0,6044926.469264005
150,2021-08-01,151,3442.5735310000005,0,0,6048369.042795005
151,2021-08-02,152,3439.130957,100000,187500,6339308.173752005
152,2021-08-03,153,3435.6918259999998,0,0,6342743.865578005
153,2021-08-04,154,3432.256134,0,0,6346176.121712005
154,2021-08-05,155,3428.823878,0,0,6349604.945590004
155,2021-08-06,156,3425.395054,0,0,6353030.340644005
156,2021-08-07,157,3421.9696590000003,0,0,6356452.310303004
157,2021-08-08,158,3418.54769,0,0,6359870.857993005
158,2021-08-09,159,3415.1291420000002,0,0,6363285.987135005
159,2021-08-10,160,3411.7140130000003,0,0,6366697.701148005
160,2021-08-11,161,3408.3022990000004,0,0,6370106.0034470055
161,2021-08-12,162,3404.8939969999997,0,0,6373510.897444005
162,2021-08-13,163,3401.4891030000003,0,0,6376912.386547005
163,2021-08-14,164,3398.087613,0,0,6380310.474160004
164,2021-08-15,165,3394.6895259999997,0,0,6383705.1636860045
165,2021-08-16,166,3391.294836,0,0,6387096.458522004
166,2021-08-17,167,3387.9035409999997,0,0,6390484.362063004
167,2021-08-18,168,3384.5156380000003,0,0,6393868.877701004
168,2021-08-19,169,3381.131122,0,0,6397250.008823004
169,2021-08-20,170,3377.7499909999997,0,0,6400627.758814003
170,2021-08-21,171,3374.3722409999996,0,0,6404002.131055003
171,2021-08-22,172,3370.997869,0,0,6407373.128924003
172,2021-08-23,173,3367.626871,0,0,6410740.755795003
173,2021-08-24,174,3364.259244,0,0,6414105.0150390025
174,2021-08-25,175,3360.8949850000004,0,0,6417465.910024002
175,2021-08-26,176,3357.5340899999997,0,0,6420823.444114002
176,2021-08-27,177,3354.176556,0,0,6424177.620670002
177,2021-08-28,178,3350.8223789999997,0,0,6427528.4430490015
178,2021-08-29,179,3347.471557,0,0,6430875.914606001
179,2021-08-30,180,3344.124085,0,0,6434220.038691001
180,2021-08-31,181,3340.7799609999997,0,0,6437560.818652001
181,2021-09-01,182,3337.4391809999997,0,0,6440898.257833001
182,2021-09-02,183,3334.1017420000003,0,0,6444232.3595750015
183,2021-09-03,184,3330.76764,0,0,6447563.127215002
184,2021-09-04,185,3327.436873,0,0,6450890.564088002
185,2021-09-05,186,3324.1094359999997,0,0,6454214.673524002
186,2021-09-06,187,3320.785326,0,0,6457535.458850002
187,2021-09-07,188,3317.464541,0,0,6460852.923391002
188,2021-09-08,189,3314.147077,0,0,6464167.070468002
189,2021-09-09,190,3310.83293,0,0,6467477.903398002
190,2021-09-10,191,3307.522097,0,0,6470785.4254950015
191,2021-09-11,192,3304.2145739999996,0,0,6474089.640069001
192,2021-09-12,193,3300.9103600000003,0,0,6477390.550429001
193,2021-09-13,194,3297.60945,0,0,6480688.159879002
194,2021-09-14,195,3294.31184,0,0,6483982.471719001
195,2021-09-15,196,3291.0175280000003,0,0,6487273.489247002
196,2021-09-16,197,3287.726511,0,0,6490561.215758001
197,2021-09-17,198,3284.438784,0,0,6493845.654542002
198,2021-09-18,199,3281.154345,0,0,6497126.808887002
199,2021-09-19,200,3277.873191,0,0,6500404.682078002
200,2021-09-20,201,3274.595318,0,0,6503679.277396002
201,2021-09-21,202,3271.3207230000003,0,0,6506950.598119002
202,2021-09-22,203,3268.049402,0,0,6510218.647521002
203,2021-09-23,204,3264.781352,0,0,6513483.4288730025
204,2021-09-24,205,3261.516571,0,0,6516744.945444003
205,2021-09-25,206,3258.255055,0,0,6520003.200499003
206,2021-09-26,207,3254.996799,0,0,6523258.197298002
207,2021-09-27,208,3251.7418030000003,0,0,6526509.939101002
208,2021-09-28,209,3248.490061,0,0,6529758.429162002
209,2021-09-29,210,3245.241571,0,0,6533003.670733002
210,2021-09-30,211,3241.996329,0,0,6536245.667062002
211,2021-10-01,212,3238.754333,100000,0,6639484.421395002
212,2021-10-02,213,3235.515579,0,0,6642719.936974002
213,2021-10-03,214,3232.2800629999997,0,0,6645952.217037002
214,2021-10-04,215,3229.047783,0,0,6649181.264820002
215,2021-10-05,216,3225.8187350000003,0,0,6652407.083555002
216,2021-10-06,217,3222.592916,0,0,6655629.6764710015
217,2021-10-07,218,3219.370324,0,0,6658849.046795001
218,2021-10-08,219,3216.1509530000003,0,0,6662065.197748002
219,2021-10-09,220,3212.9348019999998,0,0,6665278.132550002
220,2021-10-10,221,3209.721867,0,0,6668487.854417002
221,2021-10-11,222,3206.512146,0,0,6671694.366563002
222,2021-10-12,223,3203.305633,0,0,6674897.672196002
223,2021-10-13,224,3200.102328,0,0,6678097.774524001
224,2021-10-14,225,3196.902225,0,0,6681294.676749001
225,2021-10-15,226,3193.705323,0,0,6684488.382072002
226,2021-10-16,227,3190.511618,0,0,6687678.893690002
227,2021-10-17,228,3187.321106,0,0,6690866.214796002
228,2021-10-18,229,3184.133785,0,0,6694050.348581002
229,2021-10-19,230,3180.9496510000004,0,0,6697231.298232002
230,2021-10-20,231,3177.768702,0,0,6700409.066934003
231,2021-10-21,232,3174.590933,0,0,6703583.657867002
232,2021-10-22,233,3171.416342,0,0,6706755.074209002
233,2021-10-23,234,3168.2449260000003,0,0,6709923.319135002
234,2021-10-24,235,3165.076681,0,0,6713088.395816002
235,2021-10-25,236,3161.911604,0,0,6716250.307420002
236,2021-10-26,237,3158.7496929999998,0,0,6719409.057113002
237,2021-10-27,238,3155.590943,0,0,6722564.648056002
238,2021-10-28,239,3152.435352,0,0,6725717.083408003
239,2021-10-29,240,3149.282917,0,0,6728866.366325003
240,2021-10-30,241,3146.133634,0,0,6732012.499959003
241,2021-10-31,242,3142.9875,0,187500,6922655.487459003
242,2021-11-01,243,3139.844513,0,0,6925795.331972003
243,2021-11-02,244,3136.704668,0,0,6928932.036640003
244,2021-11-03,245,3133.567963,0,0,6932065.604603004
245,2021-11-04,246,3130.4343949999998,0,0,6935196.038998004
246,2021-11-05,247,3127.303961,0,0,6938323.342959004
247,2021-11-06,248,3124.176657,0,0,6941447.519616004
248,2021-11-07,249,3121.0524800000003,0,0,6944568.572096004
249,2021-11-08,250,3117.9314280000003,0,0,6947686.5035240045
250,2021-11-09,251,3114.813496,0,0,6950801.317020005
251,2021-11-10,252,3111.6986829999996,0,0,6953913.015703005
252,2021-11-11,253,3108.586984,0,0,6957021.602687005
253,2021-11-12,254,3105.478397,0,0,6960127.081084005
254,2021-11-13,255,3102.372919,0,0,6963229.454003004
255,2021-11-14,256,3099.270546,0,0,6966328.724549005
256,2021-11-15,257,3096.171275,0,0,6969424.895824005
257,2021-11-16,258,3093.075104,0,0,6972517.970928005
258,2021-11-17,259,3089.982029,0,0,6975607.952957005
259,2021-11-18,260,3086.892047,0,0,6978694.845004005
260,2021-11-19,261,3083.805155,0,0,6981778.650159005
261,2021-11-20,262,3080.72135,0,0,6984859.371509005
262,2021-11-21,263,3077.640628,0,0,6987937.012137005
263,2021-11-22,264,3074.5629879999997,0,0,6991011.575125005
264,2021-11-23,265,3071.488425,0,0,6994083.063550005
265,2021-11-24,266,3068.416936,0,0,6997151.480486005
266,2021-11-25,267,3065.34852,0,0,7000216.829006005
267,2021-11-26,268,3062.283171,0,0,7003279.112177005
268,2021-11-27,269,3059.220888,0,0,7006338.333065005
269,2021-11-28,270,3056.1616670000003,0,0,7009394.494732005
270,2021-11-29,271,3053.105505,0,0,7012447.600237004
271,2021-11-30,272,3050.0524,100000,0,7115497.652637005
272,2021-12-01,273,3047.002347,0,0,7118544.654984005
273,2021-12-02,274,3043.955345,0,0,7121588.610329005
274,2021-12-03,275,3040.9113899999998,0,0,7124629.521719005
275,2021-12-04,276,3037.8704780000003,0,0,7127667.3921970045
276,2021-12-05,277,3034.8326079999997,0,0,7130702.224805005
277,2021-12-06,278,3031.797775,0,0,7133734.022580005
278,2021-12-07,279,3028.765977,0,0,7136762.788557005
279,2021-12-08,280,3025.737211,0,0,7139788.525768005
280,2021-12-09,281,3022.7114739999997,0,0,7142811.237242005
281,2021-12-10,282,3019.688763,0,0,7145830.926005005
282,2021-12-11,283,3016.669074,0,0,7148847.595079005
283,2021-12-12,284,3013.6524050000003,0,0,7151861.247484005
284,2021-12-13,285,3010.638753,0,0,7154871.886237005
285,2021-12-14,286,3007.628114,0,0,7157879.514351005
286,2021-12-15,287,3004.620486,0,0,7160884.134837004
287,2021-12-16,288,3001.6158649999998,0,0,7163885.750702004
288,2021-12-17,289,2998.6142489999997,0,0,7166884.364951004
289,2021-12-18,290,2995.615635,0,0,7169879.980586004
290,2021-12-19,291,2992.620019,0,0,7172872.6006050045
291,2021-12-20,292,2989.627399,0,0,7175862.228004005
292,2021-12-21,293,2986.637772,0,0,7178848.865776005
293,2021-12-22,294,2983.651134,0,0,7181832.516910005
294,2021-12-23,295,2980.6674829999997,0,0,7184813.184393005
295,2021-12-24,296,2977.686816,0,0,7187790.871209006
296,2021-12-25,297,2974.709129,0,0,7190765.580338006
297,2021-12-26,298,2971.73442,0,0,7193737.314758006
298,2021-12-27,299,2968.762685,0,0,7196706.0774430055
299,2021-12-28,300,2965.793923,0,0,7199671.871366005
300,2021-12-29,301,2962.828129,0,0,7202634.699495005
301,2021-12-30,302,2959.8653,0,0,7205594.564795005
302,2021-12-31,303,2956.905435,0,0,7208551.470230005
303,2022-01-01,304,2953.94853,0,0,7211505.418760004
304,2022-01-02,305,2950.994581,0,0,7214456.413341004
305,2022-01-03,306,2948.043587,0,0,7217404.4569280045
306,2022-01-04,307,2945.095543,0,0,7220349.552471004
307,2022-01-05,308,2942.150448,0,0,7223291.7029190045
308,2022-01-06,309,2939.2082969999997,0,0,7226230.911216005
309,2022-01-07,310,2936.269089,0,0,7229167.180305005
310,2022-01-08,311,2933.33282,0,0,7232100.513125005
311,2022-01-09,312,2930.399487,0,0,7235030.912612005
312,2022-01-10,313,2927.469087,0,0,7237958.381699005
313,2022-01-11,314,2924.5416179999997,0,0,7240882.923317005
314,2022-01-12,315,2921.617077,0,0,7243804.540394005
315,2022-01-13,316,2918.6954600000004,0,0,7246723.235854005
316,2022-01-14,317,2915.776764,0,0,7249639.012618005
317,2022-01-15,318,2912.860987,0,0,7252551.873605005
318,2022-01-16,319,2909.9481260000002,0,0,7255461.821731006
319,2022-01-17,320,2907.0381780000002,0,0,7258368.859909005
320,2022-01-18,321,2904.13114,0,0,7261272.991049006
321,2022-01-19,322,2901.227009,0,0,7264174.218058006
322,2022-01-20,323,2898.325782,0,0,7267072.543840006
323,2022-01-21,324,2895.427456,0,0,7269967.971296006
324,2022-01-22,325,2892.532029,0,0,7272860.503325006
325,2022-01-23,326,2889.6394969999997,0,0,7275750.142822006
326,2022-01-24,327,2886.7498570000002,0,0,7278636.892679006
327,2022-01-25,328,2883.863107,0,0,7281520.755786005
328,2022-01-26,329,2880.979244,0,0,7284401.735030006
329,2022-01-27,330,2878.0982649999996,0,0,7287279.833295005
330,2022-01-28,331,2875.2201670000004,0,0,7290155.053462005
331,2022-01-29,332,2872.344947,100000,187500,7580527.398409005
332,2022-01-30,333,2869.472602,0,0,7583396.871011006
333,2022-01-31,334,2866.603129,0,0,7586263.474140006
334,2022-02-01,335,2863.736526,0,0,7589127.210666006
335,2022-02-02,336,2860.872789,0,0,7591988.083455007
336,2022-02-03,337,2858.0119170000003,0,0,7594846.095372006
337,2022-02-04,338,2855.153905,0,0,7597701.249277006
338,2022-02-05,339,2852.2987510000003,0,0,7600553.548028006
339,2022-02-06,340,2849.446452,0,0,7603402.994480006
340,2022-02-07,341,2846.597006,0,0,7606249.591486006
341,2022-02-08,342,2843.7504089999998,0,0,7609093.341895006
342,2022-02-09,343,2840.906658,0,0,7611934.248553006
343,2022-02-10,344,2838.065751,0,0,7614772.314304006
344,2022-02-11,345,2835.2276859999997,0,0,7617607.541990006
345,2022-02-12,346,2832.392458,0,0,7620439.934448007
346,2022-02-13,347,2829.560066,0,0,7623269.494514006
347,2022-02-14,348,2826.730505,0,0,7626096.225019006
348,2022-02-15,349,2823.903775,0,0,7628920.128794006
349,2022-02-16,350,2821.079871,0,0,7631741.208665006
350,2022-02-17,351,2818.258791,0,0,7634559.4674560055
351,2022-02-18,352,2815.440533,0,0,7637374.907989006
352,2022-02-19,353,2812.625092,0,0,7640187.533081005
353,2022-02-20,354,2809.812467,0,0,7642997.345548006
354,2022-02-21,355,2807.002654,0,0,7645804.348202006
355,2022-02-22,356,2804.195652,0,0,7648608.543854006
356,2022-02-23,357,2801.391456,0,0,7651409.935310005
357,2022-02-24,358,2798.590065,0,0,7654208.525375005
358,2022-02-25,359,2795.791475,0,0,7657004.316850005
359,2022-02-26,360,2792.9956829999996,0,0,7659797.312533005
360,2022-02-27,361,2790.202687,0,0,7662587.515220005
361,2022-02-28,362,2787.4124850000003,0,0,7665374.927705005
362,2022-03-01,363,2784.625072,0,0,7668159.552777004
363,2022-03-02,364,2781.840447,0,0,7670941.393224005
364,2022-03-03,365,2779.058607,0,0,7673720.451831005
365,2022-03-04,366,2776.279548,0,0,7676496.731379004
366,2022-03-05,367,2773.5032690000003,0,0,7679270.234648004
367,2022-03-06,368,2770.729765,0,0,7682040.964413004
368,2022-03-07,369,2767.9590359999997,0,0,7684808.923449004
369,2022-03-08,370,2765.191077,0,0,7687574.1145260045
370,2022-03-09,371,2762.425885,0,0,7690336.540411005
371,2022-03-10,372,2759.66346,0,0,7693096.203871005
372,2022-03-11,373,2756.903796,0,0,7695853.107667006
373,2022-03-12,374,2754.146892,0,0,7698607.254559006
374,2022-03-13,375,2751.392745,0,0,7701358.647304006
375,2022-03-14,376,2748.641353,0,0,7704107.288657006
376,2022-03-15,377,2745.892711,0,0,7706853.181368005
377,2022-03-16,378,2743.146819,0,0,7709596.328187006
378,2022-03-17,379,2740.403672,0,0,7712336.731859006
379,2022-03-18,380,2737.663268,0,0,7715074.395127006
380,2022-03-19,381,2734.925605,0,0,7717809.320732006
381,2022-03-20,382,2732.190679,0,0,7720541.511411006
382,2022-03-21,383,2729.458489,0,0,7723270.9699000055
383,2022-03-22,384,2726.72903,0,0,7725997.698930006
384,2022-03-23,385,2724.002301,0,0,7728721.701231006
385,2022-03-24,386,2721.278299,0,0,7731442.979530006
386,2022-03-25,387,2718.5570199999997,0,0,7734161.536550006
387,2022-03-26,388,2715.838463,0,0,7736877.375013006
388,2022-03-27,389,2713.122625,0,0,7739590.497638006
389,2022-03-28,390,2710.409502,0,0,7742300.907140005
390,2022-03-29,391,2707.699093,100000,0,7845008.606233005
391,2022-03-30,392,2704.991394,0,0,7847713.597627006
392,2022-03-31,393,2702.286402,0,0,7850415.884029006
393,2022-04-01,394,2699.584116,0,0,7853115.468145005
394,2022-04-02,395,2696.884532,0,0,7855812.352677005
395,2022-04-03,396,2694.1876469999997,0,0,7858506.540324005
396,2022-04-04,397,2691.49346,0,0,7861198.033784005
397,2022-04-05,398,2688.801966,0,0,7863886.835750005
398,2022-04-06,399,2686.113164,0,0,7866572.948914005
399,2022-04-07,400,2683.427051,0,0,7869256.375965006
400,2022-04-08,401,2680.7436239999997,0,0,7871937.119589006
401,2022-04-09,402,2678.06288,0,0,7874615.182469006
402,2022-04-10,403,2675.384818,0,0,7877290.5672870055
403,2022-04-11,404,2672.709433,0,0,7879963.276720005
404,2022-04-12,405,2670.036723,0,0,7882633.313443005
405,2022-04-13,406,2667.366687,0,0,7885300.680130005
406,2022-04-14,407,2664.6993199999997,0,0,7887965.379450005
407,2022-04-15,408,2662.0346210000002,0,0,7890627.414071005
408,2022-04-16,409,2659.372586,0,0,7893286.786657005
409,2022-04-17,410,2656.713213,0,0,7895943.499870005
410,2022-04-18,411,2654.0565,0,0,7898597.556370005
411,2022-04-19,412,2651.4024440000003,0,0,7901248.958814005
412,2022-04-20,413,2648.751041,0,0,7903897.709855005
413,2022-04-21,414,2646.10229,0,0,7906543.812145005
414,2022-04-22,415,2643.456188,0,0,7909187.268333005
415,2022-04-23,416,2640.812732,0,0,7911828.081065005
416,2022-04-24,417,2638.1719190000003,0,0,7914466.252984005
417,2022-04-25,418,2635.533747,0,0,7917101.786731005
418,2022-04-26,419,2632.898213,0,0,7919734.684944005
419,2022-04-27,420,2630.2653149999996,0,0,7922364.950259005
420,2022-04-28,421,2627.63505,0,0,7924992.585309004
421,2022-04-29,422,2625.007415,0,187500,8115117.592724005
422,2022-04-30,423,2622.382407,0,0,8117739.975131005
423,2022-05-01,424,2619.760025,0,0,8120359.735156005
424,2022-05-02,425,2617.140265,0,0,8122976.875421005
425,2022-05-03,426,2614.523125,0,0,8125591.398546006
426,2022-05-04,427,2611.908601,0,0,8128203.307147006
427,2022-05-05,428,2609.296693,0,0,8130812.603840006
428,2022-05-06,429,2606.6873960000003,0,0,8133419.291236006
429,2022-05-07,430,2604.080709,0,0,8136023.371945006
430,2022-05-08,431,2601.4766280000003,0,0,8138624.848573006
431,2022-05-09,432,2598.875151,0,0,8141223.723724006
432,2022-05-10,433,2596.276276,0,0,8143820.000000006
433,2022-05-11,434,2593.68,0,0,8146413.680000005
434,2022-05-12,435,2591.08632,0,0,8149004.766320005
435,2022-05-13,436,2588.495234,0,0,8151593.261554005
436,2022-05-14,437,2585.9067379999997,0,0,8154179.168292005
437,2022-05-15,438,2583.320832,0,0,8156762.489124005
438,2022-05-16,439,2580.737511,0,0,8159343.226635004
439,2022-05-17,440,2578.156773,0,0,8161921.383408004
440,2022-05-18,441,2575.578617,0,0,8164496.962025004
441,2022-05-19,442,2573.003038,0,0,8167069.965063005
442,2022-05-20,443,2570.4300350000003,0,0,8169640.3950980045
443,2022-05-21,444,2567.859605,0,0,8172208.254703005
444,2022-05-22,445,2565.291745,0,0,8174773.546448004
445,2022-05-23,446,2562.726454,0,0,8177336.272902004
446,2022-05-24,447,2560.163727,0,0,8179896.436629005
447,2022-05-25,448,2557.603563,0,0,8182454.040192005
448,2022-05-26,449,2555.04596,0,0,8185009.086152005
449,2022-05-27,450,2552.490914,0,0,8187561.577066005
450,2022-05-28,451,2549.938423,0,0,8190111.5154890055
451,2022-05-29,452,2547.388485,100000,0,8292658.903974006
452,2022-05-30,453,2544.841096,0,0,8295203.745070006
453,2022-05-31,454,2542.296255,0,0,8297746.041325006
454,2022-06-01,455,2539.753959,0,0,8300285.795284006
455,2022-06-02,456,2537.214205,0,0,8302823.009489005
456,2022-06-03,457,2534.676991,0,0,8305357.686480005
457,2022-06-04,458,2532.142314,0,0,8307889.828794005
458,2022-06-05,459,2529.6101710000003,0,0,8310419.438965005
459,2022-06-06,460,2527.0805609999998,0,0,8312946.519526005
460,2022-06-07,461,2524.55348,0,0,8315471.073006005
461,2022-06-08,462,2522.028927,0,0,8317993.101933005
462,2022-06-09,463,2519.506898,0,0,8320512.608831005
463,2022-06-10,464,2516.987391,0,0,8323029.596222005
464,2022-06-11,465,2514.4704039999997,0,0,8325544.066626005
465,2022-06-12,466,2511.9559329999997,0,0,8328056.022559005
466,2022-06-13,467,2509.443977,0,0,8330565.466536005
467,2022-06-14,468,2506.9345329999996,0,0,8333072.401069005
468,2022-06-15,469,2504.4275989999996,0,0,8335576.828668005
469,2022-06-16,470,2501.923171,0,0,8338078.751839004
470,2022-06-17,471,2499.421248,0,0,8340578.173087005
471,2022-06-18,472,2496.921827,0,0,8343075.094914004
472,2022-06-19,473,2494.424905,0,0,8345569.519819004
473,2022-06-20,474,2491.93048,0,0,8348061.450299004
474,2022-06-21,475,2489.43855,0,0,8350550.888849004
475,2022-06-22,476,2486.949111,0,0,8353037.837960004
476,2022-06-23,477,2484.4621620000003,0,0,8355522.300122004
477,2022-06-24,478,2481.9777,0,0,8358004.277822004
478,2022-06-25,479,2479.4957219999997,0,0,8360483.773544003
479,2022-06-26,480,2477.016226,0,0,8362960.789770003
480,2022-06-27,481,2474.5392100000004,0,0,8365435.3289800035
481,2022-06-28,482,2472.064671,0,0,8367907.393651003
482,2022-06-29,483,2469.5926059999997,0,0,8370376.986257003
483,2022-06-30,484,2467.1230140000002,0,0,8372844.109271003
484,2022-07-01,485,2464.655891,0,0,8375308.765162003
485,2022-07-02,486,2462.1912350000002,0,0,8377770.9563970035
486,2022-07-03,487,2459.729044,0,0,8380230.685441003
487,2022-07-04,488,2457.269315,0,0,8382687.954756003
488,2022-07-05,489,2454.812045,0,0,8385142.766801002
489,2022-07-06,490,2452.3572329999997,0,0,8387595.124034002
490,2022-07-07,491,2449.904876,0,0,8390045.028910002
491,2022-07-08,492,2447.454971,0,0,8392492.483881002
492,2022-07-09,493,2445.007516,0,0,8394937.491397003
493,2022-07-10,494,2442.562509,0,0,8397380.053906003
494,2022-07-11,495,2440.1199460000003,0,0,8399820.173852002
495,2022-07-12,496,2437.679826,0,0,8402257.853678003
496,2022-07-13,497,2435.242146,0,0,8404693.095824003
497,2022-07-14,498,2432.806904,0,0,8407125.902728003
498,2022-07-15,499,2430.374097,0,0,8409556.276825003
499,2022-07-16,500,2427.943723,0,0,8411984.220548004
500,2022-07-17,501,2425.515779,0,0,8414409.736327004
501,2022-07-18,502,2423.090264,0,0,8416832.826591004
502,2022-07-19,503,2420.667173,0,0,8419253.493764004
503,2022-07-20,504,2418.246506,0,0,8421671.740270004
504,2022-07-21,505,2415.8282600000002,0,0,8424087.568530004
505,2022-07-22,506,2413.4124309999997,0,0,8426500.980961004
506,2022-07-23,507,2410.9990190000003,0,0,8428911.979980005
507,2022-07-24,508,2408.58802,0,0,8431320.568000006
508,2022-07-25,509,2406.179432,0,0,8433726.747432005
509,2022-07-26,510,2403.7732530000003,0,0,8436130.520685004
510,2022-07-27,511,2401.369479,0,0,8438531.890164005
511,2022-07-28,512,2398.9681100000003,100000,187500,8728430.858274005
512,2022-07-29,513,2396.5691420000003,0,0,8730827.427416006
513,2022-07-30,514,2394.172573,0,0,8733221.599989006
514,2022-07-31,515,2391.7784,0,0,8735613.378389006
515,2022-08-01,516,2389.386622,0,0,8738002.765011007
516,2022-08-02,517,2386.9972350000003,0,0,8740389.762246007
517,2022-08-03,518,2384.6102379999998,0,0,8742774.372484008
518,2022-08-04,519,2382.225628,0,0,8745156.598112008
519,2022-08-05,520,2379.843402,0,0,8747536.441514008
520,2022-08-06,521,2377.463558,0,0,8749913.905072007
521,2022-08-07,522,2375.086095,0,0,8752288.991167007
522,2022-08-08,523,2372.711009,0,0,8754661.702176007
523,2022-08-09,524,2370.338298,0,0,8757032.040474007
524,2022-08-10,525,2367.96796,0,0,8759400.008434007
525,2022-08-11,526,2365.5999920000004,0,0,8761765.608426007
526,2022-08-12,527,2363.2343920000003,0,0,8764128.842818007
527,2022-08-13,528,2360.871157,0,0,8766489.713975007
528,2022-08-14,529,2358.5102859999997,0,0,8768848.224261006
529,2022-08-15,530,2356.151776,0,0,8771204.376037007
530,2022-08-16,531,2353.795624,0,0,8773558.171661006
531,2022-08-17,532,2351.441828,0,0,8775909.613489006
532,2022-08-18,533,2349.090387,0,0,8778258.703876005
533,2022-08-19,534,2346.741296,0,0,8780605.445172006
534,2022-08-20,535,2344.394555,0,0,8782949.839727007
535,2022-08-21,536,2342.0501600000002,0,0,8785291.889887007
536,2022-08-22,537,2339.70811,0,0,8787631.597997006
537,2022-08-23,538,2337.368402,0,0,8789968.966399007
538,2022-08-24,539,2335.031034,0,0,8792303.997433007
539,2022-08-25,540,2332.696003,0,0,8794636.693436006
540,2022-08-26,541,2330.363307,0,0,8796967.056743005
541,2022-08-27,542,2328.032943,0,0,8799295.089686004
542,2022-08-28,543,2325.70491,0,0,8801620.794596005
543,2022-08-29,544,2323.379205,0,0,8803944.173801005
544,2022-08-30,545,2321.0558260000003,0,0,8806265.229627006
545,2022-08-31,546,2318.73477,0,0,8808583.964397006
546,2022-09-01,547,2316.416036,0,0,8810900.380433006
547,2022-09-02,548,2314.09962,0,0,8813214.480053006
548,2022-09-03,549,2311.78552,0,0,8815526.265573006
549,2022-09-04,550,2309.473734,0,0,8817835.739307007
550,2022-09-05,551,2307.164261,0,0,8820142.903568007
551,2022-09-06,552,2304.857096,0,0,8822447.760664007
552,2022-09-07,553,2302.552239,0,0,8824750.312903007
553,2022-09-08,554,2300.249687,0,0,8827050.562590007
554,2022-09-09,555,2297.949437,0,0,8829348.512027007
555,2022-09-10,556,2295.651488,0,0,8831644.163515007
556,2022-09-11,557,2293.3558359999997,0,0,8833937.519351007
557,2022-09-12,558,2291.062481,0,0,8836228.581832007
558,2022-09-13,559,2288.771418,0,0,8838517.353250006
559,2022-09-14,560,2286.482647,0,0,8840803.835897006
560,2022-09-15,561,2284.196164,0,0,8843088.032061007
561,2022-09-16,562,2281.911968,0,0,8845369.944029007
562,2022-09-17,563,2279.630056,0,0,8847649.574085006
563,2022-09-18,564,2277.350426,0,0,8849926.924511006
564,2022-09-19,565,2275.073075,0,0,8852201.997586006
565,2022-09-20,566,2272.798002,0,0,8854474.795588007
566,2022-09-21,567,2270.525204,0,0,8856745.320792006
567,2022-09-22,568,2268.254679,0,0,8859013.575471006
568,2022-09-23,569,2265.986425,0,0,8861279.561896006
569,2022-09-24,570,2263.720438,0,0,8863543.282334005
570,2022-09-25,571,2261.456718,0,0,8865804.739052005
571,2022-09-26,572,2259.195261,0,0,8868063.934313005
572,2022-09-27,573,2256.936066,0,0,8870320.870379005
573,2022-09-28,574,2254.67913,0,0,8872575.549509004
574,2022-09-29,575,2252.42445,0,0,8874827.973959005
575,2022-09-30,576,2250.172026,0,0,8877078.145985005
576,2022-10-01,577,2247.9218539999997,0,0,8879326.067839006
577,2022-10-02,578,2245.673932,0,0,8881571.741771005
578,2022-10-03,579,2243.428258,0,0,8883815.170029005
579,2022-10-04,580,2241.18483,0,0,8886056.354859006
580,2022-10-05,581,2238.943645,0,0,8888295.298504006
581,2022-10-06,582,2236.704701,0,0,8890532.003205007
582,2022-10-07,583,2234.4679969999997,0,0,8892766.471202007
583,2022-10-08,584,2232.233529,0,0,8894998.704731006
584,2022-10-09,585,2230.001295,0,0,8897228.706026006
585,2022-10-10,586,2227.771294,0,0,8899456.477320006
586,2022-10-11,587,2225.543523,0,0,8901682.020843007
587,2022-10-12,588,2223.317979,0,0,8903905.338822007
588,2022-10-13,589,2221.094661,0,0,8906126.433483006
589,2022-10-14,590,2218.873567,0,0,8908345.307050006
590,2022-10-15,591,2216.654693,0,0,8910561.961743006
591,2022-10-16,592,2214.438038,0,0,8912776.399781007
592,2022-10-17,593,2212.2236,0,0,8914988.623381007
593,2022-10-18,594,2210.011377,0,0,8917198.634758007
594,2022-10-19,595,2207.801365,0,0,8919406.436123006
595,2022-10-20,596,2205.5935640000002,0,0,8921612.029687006
596,2022-10-21,597,2203.3879699999998,0,0,8923815.417657007
597,2022-10-22,598,2201.184582,0,0,8926016.602239007
598,2022-10-23,599,2198.983398,0,0,8928215.585637007
599,2022-10-24,600,2196.784414,0,0,8930412.370051008
600,2022-10-25,601,2194.58763,0,0,8932606.957681008
601,2022-10-26,602,2192.393042,0,187500,9122299.350723008
602,2022-10-27,603,2190.200649,0,0,9124489.551372008
603,2022-10-28,604,2188.010449,0,0,9126677.561821008
604,2022-10-29,605,2185.8224379999997,0,0,9128863.384259008
605,2022-10-30,606,2183.6366160000002,0,0,9131047.020875009
606,2022-10-31,607,2181.4529789999997,0,0,9133228.473854009
607,2022-11-01,608,2179.271526,0,0,9135407.745380009
608,2022-11-02,609,2177.092255,0,0,9137584.837635009
609,2022-11-03,610,2174.9151620000002,0,0,9139759.75279701
610,2022-11-04,611,2172.7402469999997,0,0,9141932.49304401
611,2022-11-05,612,2170.567507,0,0,9144103.06055101
612,2022-11-06,613,2168.396939,0,0,9146271.45749001
613,2022-11-07,614,2166.228543,0,0,9148437.68603301
614,2022-11-08,615,2164.0623140000002,0,0,9150601.74834701
615,2022-11-09,616,2161.898252,0,0,9152763.64659901
616,2022-11-10,617,2159.7363530000002,0,0,9154923.38295201
617,2022-11-11,618,2157.576617,0,0,9157080.95956901
618,2022-11-12,619,2155.4190399999998,0,0,9159236.378609011
619,2022-11-13,620,2153.263621,0,0,9161389.642230012
620,2022-11-14,621,2151.110358,0,0,9163540.752588011
621,2022-11-15,622,2148.959247,0,0,9165689.711835012
622,2022-11-16,623,2146.8102879999997,0,0,9167836.522123013
623,2022-11-17,624,2144.663478,0,0,9169981.185601013
624,2022-11-18,625,2142.518814,0,0,9172123.704415012
625,2022-11-19,626,2140.376296,0,0,9174264.080711013
626,2022-11-20,627,2138.235919,0,0,9176402.316630013
627,2022-11-21,628,2136.097683,0,0,9178538.414313013
628,2022-11-22,629,2133.961586,0,0,9180672.375899013
629,2022-11-23,630,2131.827624,0,0,9182804.203523014
630,2022-11-24,631,2129.695796,0,0,9184933.899319014
631,2022-11-25,632,2127.5661010000003,0,0,9187061.465420013
632,2022-11-26,633,2125.4385350000002,0,0,9189186.903955013
633,2022-11-27,634,2123.3130960000003,0,0,9191310.217051012
634,2022-11-28,635,2121.189783,0,0,9193431.406834012
635,2022-11-29,636,2119.068593,0,0,9195550.475427011
636,2022-11-30,637,2116.949525,0,0,9197667.424952012
637,2022-12-01,638,2114.832575,0,0,9199782.257527012
638,2022-12-02,639,2112.7177420000003,0,0,9201894.975269012
639,2022-12-03,640,2110.605025,0,0,9204005.580294013
640,2022-12-04,641,2108.49442,0,0,9206114.074714012
641,2022-12-05,642,2106.385925,0,0,9208220.460639013
642,2022-12-06,643,2104.279539,0,0,9210324.740178013
643,2022-12-07,644,2102.17526,0,0,9212426.915438013
644,2022-12-08,645,2100.073085,0,0,9214526.988523014
645,2022-12-09,646,2097.973011,0,0,9216624.961534014
646,2022-12-10,647,2095.8750379999997,0,0,9218720.836572014
647,2022-12-11,648,2093.7791629999997,0,0,9220814.615735013
648,2022-12-12,649,2091.685384,0,0,9222906.301119013
649,2022-12-13,650,2089.593699,0,0,9224995.894818014
650,2022-12-14,651,2087.504105,0,0,9227083.398923013
651,2022-12-15,652,2085.4166010000004,0,0,9229168.815524014
652,2022-12-16,653,2083.331184,0,0,9231252.146708013
653,2022-12-17,654,2081.2478530000003,0,0,9233333.394561013
654,2022-12-18,655,2079.166605,0,0,9235412.561166013
655,2022-12-19,656,2077.087439,0,0,9237489.648605013
656,2022-12-20,657,2075.0103510000004,0,0,9239564.658956014
657,2022-12-21,658,2072.935341,0,0,9241637.594297014
658,2022-12-22,659,2070.8624059999997,0,0,9243708.456703015
659,2022-12-23,660,2068.791543,0,0,9245777.248246014
660,2022-12-24,661,2066.722752,0,0,9247843.970998013
661,2022-12-25,662,2064.6560289999998,0,0,9249908.627027014
662,2022-12-26,663,2062.591373,0,0,9251971.218400015
663,2022-12-27,664,2060.528782,0,0,9254031.747182015
664,2022-12-28,665,2058.468253,0,0,9256090.215435015
665,2022-12-29,666,2056.4097850000003,0,0,9258146.625220016
666,2022-12-30,667,2054.353375,0,0,9260200.978595017
667,2022-12-31,668,2052.2990210000003,0,0,9262253.277616017
668,2023-01-01,669,2050.246722,0,0,9264303.524338016
669,2023-01-02,670,2048.196476,0,0,9266351.720814016
670,2023-01-03,671,2046.148279,0,0,9268397.869093016
671,2023-01-04,672,2044.1021309999999,0,0,9270441.971224016
672,2023-01-05,673,2042.0580289999998,0,0,9272484.029253015
673,2023-01-06,674,2040.015971,0,0,9274524.045224015
674,2023-01-07,675,2037.975955,0,0,9276562.021179015
675,2023-01-08,676,2035.9379789999998,0,0,9278597.959158015
676,2023-01-09,677,2033.902041,0,0,9280631.861199014
677,2023-01-10,678,2031.8681390000002,0,0,9282663.729338014
678,2023-01-11,679,2029.8362710000001,0,0,9284693.565609014
679,2023-01-12,680,2027.806434,0,0,9286721.372043014
680,2023-01-13,681,2025.778628,0,0,9288747.150671013
681,2023-01-14,682,2023.7528489999997,0,0,9290770.903520012
682,2023-01-15,683,2021.729096,0,0,9292792.632616011
683,2023-01-16,684,2019.7073670000002,0,0,9294812.33998301
684,2023-01-17,685,2017.68766,0,0,9296830.02764301
685,2023-01-18,686,2015.669972,0,0,9298845.69761501
686,2023-01-19,687,2013.654302,0,0,9300859.35191701
687,2023-01-20,688,2011.640648,0,0,9302870.99256501
688,2023-01-21,689,2009.629007,0,0,9304880.62157201
689,2023-01-22,690,2007.619378,0,0,9306888.24095001
690,2023-01-23,691,2005.611759,0,0,9308893.85270901
691,2023-01-24,692,2003.606147,0,187500,9498397.45885601
692,2023-01-25,693,2001.602541,0,0,9500399.06139701
693,2023-01-26,694,1999.6009390000002,0,0,9502398.66233601
694,2023-01-27,695,1997.601338,0,0,9504396.26367401
695,2023-01-28,696,1995.603736,0,0,9506391.86741001
696,2023-01-29,697,1993.6081329999997,0,0,9508385.47554301
697,2023-01-30,698,1991.6145239999998,0,0,9510377.090067009
698,2023-01-31,699,1989.62291,0,0,9512366.712977009
699,2023-02-01,700,1987.633287,0,0,9514354.346264008
700,2023-02-02,701,1985.645654,0,0,9516339.991918009
701,2023-02-03,702,1983.6600079999998,0,0,9518323.651926009
702,2023-02-04,703,1981.676348,0,0,9520305.32827401
703,2023-02-05,704,1979.6946719999999,0,0,9522285.02294601
704,2023-02-06,705,1977.7149769999999,0,0,9524262.73792301
705,2023-02-07,706,1975.737262,0,0,9526238.475185009
706,2023-02-08,707,1973.761525,0,0,9528212.236710008
707,2023-02-09,708,1971.7877629999998,0,0,9530184.024473008
708,2023-02-10,709,1969.815976,0,0,9532153.840449007
709,2023-02-11,710,1967.84616,0,0,9534121.686609007
710,2023-02-12,711,1965.878313,0,0,9536087.564922007
711,2023-02-13,712,1963.9124350000002,0,0,9538051.477357008
712,2023-02-14,713,1961.948523,0,0,9540013.425880007
713,2023-02-15,714,1959.9865739999998,0,0,9541973.412454007
714,2023-02-16,715,1958.026588,0,0,9543931.439042008
715,2023-02-17,716,1956.068561,0,0,9545887.507603008
716,2023-02-18,717,1954.1124920000002,0,0,9547841.620095009
717,2023-02-19,718,1952.15838,0,0,9549793.778475009
718,2023-02-20,719,1950.2062219999998,0,0,9551743.984697009
719,2023-02-21,720,1948.256015,0,0,9553692.24071201
720,2023-02-22,721,1946.307759,0,0,9555638.54847101
721,2023-02-23,722,1944.3614519999999,0,0,9557582.90992301
722,2023-02-24,723,1942.41709,0,0,9559525.32701301
723,2023-02-25,724,1940.474673,0,0,9561465.80168601
724,2023-02-26,725,1938.534198,0,0,9563404.335884009
725,2023-02-27,726,1936.5956640000002,0,0,9565340.931548009
726,2023-02-28,727,1934.659068,0,0,9567275.590616008
727,2023-03-01,728,1932.724409,0,0,9569208.315025007
728,2023-03-02,729,1930.7916850000001,0,0,9571139.106710007
729,2023-03-03,730,1928.860893,0,0,9573067.967603007
730,2023-03-04,731,1926.932032,0,0,9574994.899635008
731,2023-03-05,732,1925.0051,0,0,9576919.904735008
732,2023-03-06,733,1923.080095,0,0,9578842.984830009
733,2023-03-07,734,1921.1570149999998,0,0,9580764.141845008
734,2023-03-08,735,1919.2358579999998,0,0,9582683.37770301
735,2023-03-09,736,1917.3166219999998,0,0,9584600.69432501
736,2023-03-10,737,1915.3993059999998,0,0,9586516.093631009
737,2023-03-11,738,1913.483906,0,0,9588429.57753701
738,2023-03-12,739,1911.5704219999998,0,0,9590341.147959009
739,2023-03-13,740,1909.658852,0,0,9592250.806811009
740,2023-03-14,741,1907.7491929999999,0,0,9594158.556004008
741,2023-03-15,742,1905.8414440000001,0,0,9596064.397448009
742,2023-03-16,743,1903.9356030000001,0,0,9597968.33305101
743,2023-03-17,744,1902.0316670000002,0,0,9599870.364718009
744,2023-03-18,745,1900.1296350000002,0,0,9601770.49435301
745,2023-03-19,746,1898.229506,0,0,9603668.72385901
746,2023-03-20,747,1896.3312760000001,0,0,9605565.05513501
747,2023-03-21,748,1894.434945,0,0,9607459.49008001
748,2023-03-22,749,1892.54051,0,0,9609352.03059001
749,2023-03-23,750,1890.647969,0,0,9611242.67855901
750,2023-03-24,751,1888.757321,0,0,9613131.435880011
751,2023-03-25,752,1886.868564,0,0,9615018.304444011
752,2023-03-26,753,1884.981696,0,0,9616903.286140012
753,2023-03-27,754,1883.096714,0,0,9618786.38285401
754,2023-03-28,755,1881.213617,0,0,9620667.596471012
755,2023-03-29,756,1879.332404,0,0,9622546.928875012
756,2023-03-30,757,1877.4530710000001,0,0,9624424.381946012
757,2023-03-31,758,1875.575618,0,0,9626299.957564013
758,2023-04-01,759,1873.7000420000002,0,0,9628173.657606013
759,2023-04-02,760,1871.826342,0,0,9630045.483948013
760,2023-04-03,761,1869.954516,0,0,9631915.438464012
761,2023-04-04,762,1868.084562,0,0,9633783.523026012
762,2023-04-05,763,1866.216477,0,0,9635649.739503011
763,2023-04-06,764,1864.3502600000002,0,0,9637514.089763012
764,2023-04-07,765,1862.48591,0,0,9639376.575673012
765,2023-04-08,766,1860.6234239999999,0,0,9641237.199097011
766,2023-04-09,767,1858.762801,0,0,9643095.961898012
767,2023-04-10,768,1856.904038,0,0,9644952.865936013
768,2023-04-11,769,1855.047134,0,0,9646807.913070014
769,2023-04-12,770,1853.1920870000001,0,0,9648661.105157014
770,2023-04-13,771,1851.3388949999999,0,0,9650512.444052014
771,2023-04-14,772,1849.4875559999998,0,0,9652361.931608014
772,2023-04-15,773,1847.638068,0,0,9654209.569676014
773,2023-04-16,774,1845.79043,0,0,9656055.360106014
774,2023-04-17,775,1843.94464,0,0,9657899.304746013
775,2023-04-18,776,1842.1006949999999,0,0,9659741.405441012
776,2023-04-19,777,1840.258595,0,0,9661581.664036011
777,2023-04-20,778,1838.418336,0,0,9663420.082372012
778,2023-04-21,779,1836.579918,0,0,9665256.662290012
779,2023-04-22,780,1834.743338,0,0,9667091.405628012
780,2023-04-23,781,1832.9085940000002,0,0,9668924.314222012
781,2023-04-24,782,1831.075686,0,0,9670755.389908012
782,2023-04-25,783,1829.2446100000002,0,0,9672584.634518012
783,2023-04-26,784,1827.4153649999998,0,0,9674412.049883012
784,2023-04-27,785,1825.58795,0,0,9676237.637833012
785,2023-04-28,786,1823.7623620000002,0,0,9678061.400195012
786,2023-04-29,787,1821.9386,0,0,9679883.338795012
787,2023-04-30,788,1820.116661,0,0,9681703.455456011
788,2023-05-01,789,1818.296545,0,0,9683521.752001012
789,2023-05-02,790,1816.4782480000001,0,0,9685338.230249012
790,2023-05-03,791,1814.66177,0,0,9687152.892019011
791,2023-05-04,792,1812.847108,0,0,9688965.739127012
792,2023-05-05,793,1811.034261,0,0,9690776.773388011
793,2023-05-06,794,1809.223227,0,0,9692585.996615011
794,2023-05-07,795,1807.414003,0,0,9694393.41061801
795,2023-05-08,796,1805.606589,0,0,9696199.017207012
796,2023-05-09,797,1803.8009829999999,0,0,9698002.818190012
797,2023-05-10,798,1801.997182,0,0,9699804.815372013
798,2023-05-11,799,1800.195185,0,0,9701605.010557013
799,2023-05-12,800,1798.3949890000001,0,0,9703403.405546013
800,2023-05-13,801,1796.596594,0,0,9705200.002140014
801,2023-05-14,802,1794.799998,0,0,9706994.802138014
802,2023-05-15,803,1793.005198,0,0,9708787.807336014
803,2023-05-16,804,1791.212193,0,0,9710579.019529013
804,2023-05-17,805,1789.42098,0,0,9712368.440509014
805,2023-05-18,806,1787.631559,0,0,9714156.072068013
806,2023-05-19,807,1785.8439280000002,0,0,9715941.915996013
807,2023-05-20,808,1784.058084,0,0,9717725.974080013
808,2023-05-21,809,1782.2740260000003,0,0,9719508.248106014
809,2023-05-22,810,1780.491752,0,0,9721288.739858015
810,2023-05-23,811,1778.71126,0,0,9723067.451118015
811,2023-05-24,812,1776.9325489999999,0,0,9724844.383667015
812,2023-05-25,813,1775.155616,0,0,9726619.539283015
813,2023-05-26,814,1773.380461,0,0,9728392.919744015
814,2023-05-27,815,1771.60708,0,0,9730164.526824014
815,2023-05-28,816,1769.835473,0,0,9731934.362297013
816,2023-05-29,817,1768.0656379999998,0,0,9733702.427935014
817,2023-05-30,818,1766.297572,0,0,9735468.725507013
818,2023-05-31,819,1764.531274,0,0,9737233.256781014
819,2023-06-01,820,1762.766743,0,0,9738996.023524014
820,2023-06-02,821,1761.0039760000002,0,0,9740757.027500015
821,2023-06-03,822,1759.2429719999998,0,0,9742516.270472014
822,2023-06-04,823,1757.4837300000002,0,0,9744273.754202014
823,2023-06-05,824,1755.7262460000002,0,0,9746029.480448013
824,2023-06-06,825,1753.9705199999999,0,0,9747783.450968014
825,2023-06-07,826,1752.2165489999998,0,0,9749535.667517014
826,2023-06-08,827,1750.464332,0,0,9751286.131849013
827,2023-06-09,828,1748.713868,0,0,9753034.845717013
828,2023-06-10,829,1746.965154,0,0,9754781.810871013
829,2023-06-11,830,1745.2181890000002,0,0,9756527.029060012
830,2023-06-12,831,1743.4729710000001,0,0,9758270.502031012
831,2023-06-13,832,1741.7294980000001,0,0,9760012.231529012
832,2023-06-14,833,1739.987768,0,0,9761752.219297012
833,2023-06-15,834,1738.2477809999998,0,0,9763490.467078011
834,2023-06-16,835,1736.509533,0,0,9765226.97661101
835,2023-06-17,836,1734.773023,0,0,9766961.74963401
836,2023-06-18,837,1733.03825,0,0,9768694.78788401
837,2023-06-19,838,1731.3052120000002,0,0,9770426.09309601
838,2023-06-20,839,1729.573907,0,0,9772155.66700301
839,2023-06-21,840,1727.8443329999998,0,0,9773883.51133601
840,2023-06-22,841,1726.116489,0,0,9775609.62782501
841,2023-06-23,842,1724.3903719999998,0,0,9777334.018197011
842,2023-06-24,843,1722.665982,0,0,9779056.684179012
843,2023-06-25,844,1720.943316,0,0,9780777.627495011
844,2023-06-26,845,1719.222372,0,0,9782496.84986701
845,2023-06-27,846,1717.50315,0,0,9784214.35301701
846,2023-06-28,847,1715.785647,0,0,9785930.138664009
847,2023-06-29,848,1714.069861,0,0,9787644.20852501
848,2023-06-30,849,1712.355791,0,0,9789356.56431601
849,2023-07-01,850,1710.6434359999998,0,0,9791067.20775201
850,2023-07-02,851,1708.9327920000003,0,0,9792776.14054401
851,2023-07-03,852,1707.223859,0,0,9794483.36440301
852,2023-07-04,853,1705.5166359999998,0,0,9796188.881039008
853,2023-07-05,854,1703.8111190000002,0,0,9797892.692158008
854,2023-07-06,855,1702.1073079999999,0,0,9799594.799466008
855,2023-07-07,856,1700.4052010000003,0,0,9801295.204667008
856,2023-07-08,857,1698.7047949999999,0,0,9802993.909462007
857,2023-07-09,858,1697.006091,0,0,9804690.915553007
858,2023-07-10,859,1695.309084,0,0,9806386.224637007
859,2023-07-11,860,1693.613775,0,0,9808079.838412007
860,2023-07-12,861,1691.9201620000001,0,0,9809771.758574007
861,2023-07-13,862,1690.228241,0,0,9811461.986815007
862,2023-07-14,863,1688.5380129999999,0,0,9813150.524828007
863,2023-07-15,864,1686.849475,0,0,9814837.374303007
864,2023-07-16,865,1685.1626260000003,0,0,9816522.536929008
865,2023-07-17,866,1683.477463,0,0,9818206.014392007
866,2023-07-18,867,1681.793986,0,0,9819887.808378007
867,2023-07-19,868,1680.1121920000003,0,0,9821567.920570007
868,2023-07-20,869,1678.432079,0,0,9823246.352649007
869,2023-07-21,870,1676.753647,0,0,9824923.106296007
870,2023-07-22,871,1675.076894,0,0,9826598.183190007
871,2023-07-23,872,1673.401817,0,0,9828271.585007006
872,2023-07-24,873,1671.728415,0,0,9829943.313422006
873,2023-07-25,874,1670.056687,0,0,9831613.370109005
874,2023-07-26,875,1668.38663,0,0,9833281.756739005
875,2023-07-27,876,1666.718243,0,0,9834948.474982005
876,2023-07-28,877,1665.051525,0,0,9836613.526507005
877,2023-07-29,878,1663.386473,0,0,9838276.912980005
878,2023-07-30,879,1661.7230869999999,0,0,9839938.636067005
879,2023-07-31,880,1660.0613640000001,0,0,9841598.697431006
880,2023-08-01,881,1658.4013029999999,0,0,9843257.098734006
881,2023-08-02,882,1656.742901,0,0,9844913.841635006
882,2023-08-03,883,1655.086158,0,0,9846568.927793005
883,2023-08-04,884,1653.431072,0,0,9848222.358865006
884,2023-08-05,885,1651.777641,0,0,9849874.136506006
885,2023-08-06,886,1650.125863,0,0,9851524.262369007
886,2023-08-07,887,1648.475738,0,0,9853172.738107007
887,2023-08-08,888,1646.827262,0,0,9854819.565369006
888,2023-08-09,889,1645.180435,0,0,9856464.745804006
889,2023-08-10,890,1643.535254,0,0,9858108.281058006
890,2023-08-11,891,1641.891719,0,0,9859750.172777006
891,2023-08-12,892,1640.2498269999999,0,0,9861390.422604006
892,2023-08-13,893,1638.609577,0,0,9863029.032181006
893,2023-08-14,894,1636.9709679999999,0,0,9864666.003149007
894,2023-08-15,895,1635.333997,0,0,9866301.337146007
895,2023-08-16,896,1633.6986630000001,0,0,9867935.035809007
896,2023-08-17,897,1632.0649640000001,0,0,9869567.100773007
897,2023-08-18,898,1630.4328990000001,0,0,9871197.533672007
898,2023-08-19,899,1628.802466,0,0,9872826.336138006
899,2023-08-20,900,1627.1736640000001,0,0,9874453.509802006
900,2023-08-21,901,1625.54649,0,0,9876079.056292007
901,2023-08-22,902,1623.920944,0,0,9877702.977236006
902,2023-08-23,903,1622.297023,0,0,9879325.274259007
903,2023-08-24,904,1620.674726,0,0,9880945.948985007
904,2023-08-25,905,1619.054051,0,0,9882565.003036007
905,2023-08-26,906,1617.434997,0,0,9884182.438033007
906,2023-08-27,907,1615.817562,0,0,9885798.255595008
907,2023-08-28,908,1614.201744,0,0,9887412.457339007
908,2023-08-29,909,1612.5875429999999,0,0,9889025.044882007
909,2023-08-30,910,1610.9749550000001,0,0,9890636.019837007
910,2023-08-31,911,1609.36398,0,0,9892245.383817008
911,2023-09-01,912,1607.754616,0,0,9893853.138433008
912,2023-09-02,913,1606.1468619999998,0,0,9895459.285295008
913,2023-09-03,914,1604.540715,0,0,9897063.826010007
914,2023-09-04,915,1602.936174,0,0,9898666.762184007
915,2023-09-05,916,1601.3332380000002,0,0,9900268.095422007
916,2023-09-06,917,1599.731905,0,0,9901867.827327007
917,2023-09-07,918,1598.132173,0,0,9903465.959500007
918,2023-09-08,919,1596.53404,0,0,9905062.493540008
919,2023-09-09,920,1594.937506,0,0,9906657.431046007
920,2023-09-10,921,1593.342569,0,0,9908250.773615006
921,2023-09-11,922,1591.749226,0,0,9909842.522841007
922,2023-09-12,923,1590.157477,0,0,9911432.680318007
923,2023-09-13,924,1588.5673199999999,0,0,9913021.247638008
924,2023-09-14,925,1586.978752,0,0,9914608.226390008
925,2023-09-15,926,1585.391774,0,0,9916193.618164008
926,2023-09-16,927,1583.806382,0,0,9917777.424546009
927,2023-09-17,928,1582.222575,0,0,9919359.647121008
928,2023-09-18,929,1580.640353,0,0,9920940.287474008
929,2023-09-19,930,1579.059713,0,0,9922519.347187009
930,2023-09-20,931,1577.4806529999998,0,0,9924096.827840008
931,2023-09-21,932,1575.903172,0,0,9925672.731012007
932,2023-09-22,933,1574.327269,0,0,9927247.058281006
933,2023-09-23,934,1572.752942,0,0,9928819.811223006
934,2023-09-24,935,1571.1801890000002,0,0,9930390.991412006
935,2023-09-25,936,1569.609009,0,0,9931960.600421006
936,2023-09-26,937,1568.0394,0,0,9933528.639821006
937,2023-09-27,938,1566.47136,0,0,9935095.111181006
938,2023-09-28,939,1564.9048890000001,0,0,9936660.016070006
939,2023-09-29,940,1563.339984,0,0,9938223.356054006
940,2023-09-30,941,1561.776644,0,0,9939785.132698007
941,2023-10-01,942,1560.214867,0,0,9941345.347565006
942,2023-10-02,943,1558.654652,0,0,9942904.002217006
943,2023-10-03,944,1557.095998,0,0,9944461.098215006
944,2023-10-04,945,1555.538902,0,0,9946016.637117006
945,2023-10-05,946,1553.983363,0,0,9947570.620480007
946,2023-10-06,947,1552.42938,0,0,9949123.049860006
947,2023-10-07,948,1550.87695,0,0,9950673.926810006
948,2023-10-08,949,1549.326073,0,0,9952223.252883006
949,2023-10-09,950,1547.7767470000001,0,0,9953771.029630005
950,2023-10-10,951,1546.22897,0,0,9955317.258600006
951,2023-10-11,952,1544.682741,0,0,9956861.941341005
952,2023-10-12,953,1543.1380589999999,0,0,9958405.079400005
953,2023-10-13,954,1541.594921,0,0,9959946.674321005
954,2023-10-14,955,1540.053326,0,0,9961486.727647005
955,2023-10-15,956,1538.5132720000001,0,0,9963025.240919005
956,2023-10-16,957,1536.974759,0,0,9964562.215678005
957,2023-10-17,958,1535.437784,0,0,9966097.653462004
958,2023-10-18,959,1533.902347,0,0,9967631.555809004
959,2023-10-19,960,1532.368444,0,0,9969163.924253004
960,2023-10-20,961,1530.836076,0,0,9970694.760329004
961,2023-10-21,962,1529.3052400000001,0,0,9972224.065569004
962,2023-10-22,963,1527.775934,0,0,9973751.841503004
963,2023-10-23,964,1526.248158,0,0,9975278.089661004
964,2023-10-24,965,1524.72191,0,0,9976802.811571004
965,2023-10-25,966,1523.197188,0,0,9978326.008759003
966,2023-10-26,967,1521.6739910000001,0,0,9979847.682750003
967,2023-10-27,968,1520.152317,0,0,9981367.835067004
968,2023-10-28,969,1518.632165,0,0,9982886.467232004
969,2023-10-29,970,1517.113533,0,0,9984403.580765003
970,2023-10-30,971,1515.596419,0,0,9985919.177184002
971,2023-10-31,972,1514.080823,0,0,9987433.258007003
972,2023-11-01,973,1512.566742,0,0,9988945.824749002
973,2023-11-02,974,1511.054175,0,0,9990456.878924003
974,2023-11-03,975,1509.5431210000002,0,0,9991966.422045004
975,2023-11-04,976,1508.033578,0,0,9993474.455623003
976,2023-11-05,977,1506.5255439999999,0,0,9994980.981167004
977,2023-11-06,978,1505.0190189999998,0,0,9996486.000186004
978,2023-11-07,979,1503.514,0,0,9997989.514186004
979,2023-11-08,980,1502.010486,0,0,9999491.524672003
980,2023-11-09,981,508.4753127,0,0,9999999.999984704
